{
    "ai_ml": {
        "mu": 0.0954474328985988,
        "sigma": 1.5651434953963261,
        "scale": 0.40795202752526105
    },
    "col_sys": {
        "mu": 0.09466098761514963,
        "sigma": 1.478107405288303,
        "scale": 0.43336999934039144
    },
    "com_net": {
        "mu": 0.09721648670708635,
        "sigma": 1.6997150073314002,
        "scale": 0.3474318322998801
    },
    "cont_alg": {
        "mu": 0.09648123468175775,
        "sigma": 1.551499687038803,
        "scale": 0.4030576286719437
    },
    "cyb_sec": {
        "mu": 0.09579331694215226,
        "sigma": 1.569648803442168,
        "scale": 0.3885951915809303
    },
    "edg_com": {
        "mu": 0.09236856940794169,
        "sigma": 1.6352372336348147,
        "scale": 0.36073138566692986
    },
    "ene_mgm": {
        "mu": 0.1001403295760312,
        "sigma": 1.4497680180905983,
        "scale": 0.4395010412021324
    },
    "eth_reg": {
        "mu": 0.09656057561586545,
        "sigma": 1.415163659162841,
        "scale": 0.4705648579543402
    },
    "hum_man": {
        "mu": 0.1068818185123061,
        "sigma": 1.6154343739918773,
        "scale": 0.41337677933835004
    },
    "loc_map": {
        "mu": 0.09303439963355004,
        "sigma": 1.5724052439133165,
        "scale": 0.370393883356048
    },
    "sen_fus": {
        "mu": 0.10358897827025926,
        "sigma": 1.5502345062887732,
        "scale": 0.4145367640780102
    },
    "sen_tec": {
        "mu": 0.10170264992051425,
        "sigma": 1.6534704262320943,
        "scale": 0.3825696143646016
    },
    "sim_mod": {
        "mu": 0.0962845275920916,
        "sigma": 1.5898652835903067,
        "scale": 0.4001662758762329
    },
    "tec_mob": {
        "mu": 0.09499505940116079,
        "sigma": 1.5814912688162603,
        "scale": 0.394408507857894
    }
}