{
    "ai_ml": {
        "mu": -0.386351113101974,
        "sigma": 0.644401741347951
    },
    "com_net": {
        "mu": -0.29729339876492644,
        "sigma": 0.6389827943670707
    },
    "con_alg": {
        "mu": -0.3119378754147418,
        "sigma": 0.6769543590139491
    },
    "edge_com": {
        "mu": -0.4382650698614001,
        "sigma": 0.7444251571378885
    },
    "loc_map": {
        "mu": -0.3003677245964875,
        "sigma": 0.6310363643099357
    },
    "rob": {
        "mu": -0.28433042470183617,
        "sigma": 0.6002492792460522
    },
    "sen_fus": {
        "mu": -1.081137272906017,
        "sigma": 1.3830866052163735
    },
    "sen_tec": {
        "mu": -0.9657359048121048,
        "sigma": 1.3653131476411307
    },
    "sim_mod": {
        "mu": -0.225569901458396,
        "sigma": 0.528705539762359
    },
    "swarm_mult": {
        "mu": -0.5216991391810393,
        "sigma": 0.8769489580459121
    }
}