{
    "sen_tec": {
        "mu": -0.9657359048121048,
        "sigma": 1.3653131476411307
    },
    "col_sys": {
        "mu": -0.5216991391810393,
        "sigma": 0.8769489580459121
    },
    "tec_mob": {
        "mu": -0.28433042470183617,
        "sigma": 0.6002492792460522
    },
    "cont_alg": {
        "mu": -0.3119378754147418,
        "sigma": 0.6769543590139491
    },
    "loc_map": {
        "mu": -0.3003677245964875,
        "sigma": 0.6310363643099357
    },
    "sen_fus": {
        "mu": -1.081137272906017,
        "sigma": 1.3830866052163735
    },
    "ai_ml": {
        "mu": -0.386351113101974,
        "sigma": 0.644401741347951
    },
    "edg_com": {
        "mu": -0.4382650698614001,
        "sigma": 0.7444251571378885
    },
    "com_net": {
        "mu": -0.29729339876492644,
        "sigma": 0.6389827943670707
    },
    "ene_mgm": {
        "mu": -0.9503314082979302,
        "sigma": 1.3935521859730473
    },
    "sim_mod": {
        "mu": -0.225569901458396,
        "sigma": 0.528705539762359
    },
    "hum_man": {
        "mu": -0.3598329582695039,
        "sigma": 0.6943185304775856
    },
    "cyb_sec": {
        "mu": -1.0912355018062412,
        "sigma": 1.373858192556956
    },
    "eth_reg": {
        "mu": -0.849534319137371,
        "sigma": 1.2960729588759439
    }
}