{
    "ai_ml": {
        "mu": 0.09418465946497345,
        "sigma": 1.5127187782197007,
        "scale": 0.4150937564411674
    },
    "col_sys": {
        "mu": 0.09507385350464204,
        "sigma": 1.4874907677169023,
        "scale": 0.4367101007335492
    },
    "com_net": {
        "mu": 0.09721678843565568,
        "sigma": 1.699723495135954,
        "scale": 0.3474299821114586
    },
    "cont_alg": {
        "mu": 0.09492086524426241,
        "sigma": 1.5343475879712614,
        "scale": 0.39824398151463436
    },
    "cyb_sec": {
        "mu": 0.09579312982445227,
        "sigma": 1.569648861708566,
        "scale": 0.3885957591935711
    },
    "edg_com": {
        "mu": 0.09287572158840363,
        "sigma": 1.659290819761909,
        "scale": 0.36544047912054367
    },
    "ene_mgm": {
        "mu": 0.10004132615858086,
        "sigma": 1.469923038251054,
        "scale": 0.4421848231743135
    },
    "eth_reg": {
        "mu": 0.09601642974006486,
        "sigma": 1.4088207336648575,
        "scale": 0.4899795643736946
    },
    "hum_man": {
        "mu": 0.10668485113856709,
        "sigma": 1.6027448431282307,
        "scale": 0.4172982417046583
    },
    "loc_map": {
        "mu": 0.09096269199995016,
        "sigma": 1.5358476291634549,
        "scale": 0.3908139435741741
    },
    "sen_fus": {
        "mu": 0.10465524415040364,
        "sigma": 1.5548936827974413,
        "scale": 0.4087661126851109
    },
    "sen_tec": {
        "mu": 0.10024272259443318,
        "sigma": 1.5847675295636328,
        "scale": 0.39378150910190435
    },
    "sim_mod": {
        "mu": 0.09639721638426202,
        "sigma": 1.5680426769764815,
        "scale": 0.4078141966825894
    },
    "tec_mob": {
        "mu": 0.09437799370595712,
        "sigma": 1.570965395773393,
        "scale": 0.38796508184834044
    }
}