{
    "ai_ml": {
        "mu": 1.0000049300243783,
        "sigma": 3.2935046912848076
    },
    "com_net": {
        "mu": 1.0000352488060396,
        "sigma": 1.6437693097627943
    },
    "con_alg": {
        "mu": 1.0000406524140657,
        "sigma": 1.3914927421381869
    },
    "edge_com": {
        "mu": 1.000040753640914,
        "sigma": 2.429983457425679
    },
    "loc_map": {
        "mu": 1.000012039443432,
        "sigma": 1.5732701976317858
    },
    "rob": {
        "mu": 0.999955190408399,
        "sigma": 2.032524766673647
    },
    "sen_fus": {
        "mu": 0.999997693444798,
        "sigma": 3.2998579599083104
    },
    "sen_tec": {
        "mu": 0.9999570326100579,
        "sigma": 2.676262670396051
    },
    "sim_mod": {
        "mu": 1.000020050069733,
        "sigma": 1.6074550966033616
    },
    "swarm_mult": {
        "mu": 1.0000162232590626,
        "sigma": 2.3739628127302925
    }
}