{
    "ai_ml": {
        "mu": 0.07779231669973294,
        "scale": 1.1523904220623502
    },
    "col_sys": {
        "mu": 0.09729801259795955,
        "scale": 1.151391095151732
    },
    "com_net": {
        "mu": 0.1254156870174036,
        "scale": 1.110171345957691
    },
    "cont_alg": {
        "mu": 0.17172044940965878,
        "scale": 1.090597893539816
    },
    "cyb_sec": {
        "mu": 0.12721393731695096,
        "scale": 1.1107508950466323
    },
    "edg_com": {
        "mu": 0.03711512705882669,
        "scale": 1.15979109838116
    },
    "ene_mgm": {
        "mu": 0.04729139943430603,
        "scale": 1.1668472510814696
    },
    "eth_reg": {
        "mu": 0.0927889591228131,
        "scale": 1.1468527390954224
    },
    "hum_man": {
        "mu": 0.1828964414388499,
        "scale": 1.130132628758105
    },
    "loc_map": {
        "mu": 0.025869831932956666,
        "scale": 1.1630588548190055
    },
    "sen_fus": {
        "mu": 0.07705810361064094,
        "scale": 1.1568562133541522
    },
    "sen_tec": {
        "mu": 0.18551936857063184,
        "scale": 1.1116010891523274
    },
    "sim_mod": {
        "mu": 0.19543357352495072,
        "scale": 1.1346497143941703
    },
    "tec_mob": {
        "mu": 0.15474854470447935,
        "scale": 1.1273357487719493
    }
}