{
    "ai_ml": {
        "mu": 0.07779237951535957,
        "scale": 1.15239051926854
    },
    "col_sys": {
        "mu": 0.09861644234279993,
        "scale": 1.1528362425977554
    },
    "com_net": {
        "mu": 0.12538615977058107,
        "scale": 1.110173326897496
    },
    "cont_alg": {
        "mu": 0.16874264468226502,
        "scale": 1.1129821318214825
    },
    "cyb_sec": {
        "mu": 0.0858911991870634,
        "scale": 1.1096590263474386
    },
    "edg_com": {
        "mu": 0.03209174701579205,
        "scale": 1.1590954607981474
    },
    "ene_mgm": {
        "mu": 0.05792434800472651,
        "scale": 1.1730206226931963
    },
    "eth_reg": {
        "mu": 0.11210492671919325,
        "scale": 1.1549291443040313
    },
    "hum_man": {
        "mu": 0.20037308664981907,
        "scale": 1.137708737352125
    },
    "loc_map": {
        "mu": 0.04209117131061485,
        "scale": 1.1591499037996118
    },
    "sen_fus": {
        "mu": 0.0770578969206686,
        "scale": 1.1568562905212443
    },
    "sen_tec": {
        "mu": 0.1624403692037893,
        "scale": 1.103802766310166
    },
    "sim_mod": {
        "mu": 0.16895676423468048,
        "scale": 1.1223896545072753
    },
    "tec_mob": {
        "mu": 0.1407742408595066,
        "scale": 1.0983086299681823
    }
}