{
    "ai_ml": {
        "mu": 0.06884041376425515,
        "scale": 1.1586022565332192
    },
    "col_sys": {
        "mu": 0.09765732476863392,
        "scale": 1.1592860713405395
    },
    "com_net": {
        "mu": 0.12538614164001718,
        "scale": 1.110173210306951
    },
    "cont_alg": {
        "mu": 0.17028192376045181,
        "scale": 1.1024701805843433
    },
    "cyb_sec": {
        "mu": 0.1070677016029311,
        "scale": 1.1031971690841358
    },
    "edg_com": {
        "mu": 0.03131475345521606,
        "scale": 1.1601181778427465
    },
    "ene_mgm": {
        "mu": 0.06692382629640792,
        "scale": 1.1720826196187035
    },
    "eth_reg": {
        "mu": 0.09311713966633606,
        "scale": 1.1515558466208613
    },
    "hum_man": {
        "mu": 0.16638140359467524,
        "scale": 1.1435004164986997
    },
    "loc_map": {
        "mu": 0.0642561483067271,
        "scale": 1.1571354921068653
    },
    "sen_fus": {
        "mu": 0.07705779114691913,
        "scale": 1.1568561080089523
    },
    "sen_tec": {
        "mu": 0.16244034307562774,
        "scale": 1.1038027824568741
    },
    "sim_mod": {
        "mu": 0.16895725514301013,
        "scale": 1.1223899981254686
    },
    "tec_mob": {
        "mu": 0.14077362814189945,
        "scale": 1.0983072620781624
    }
}