{
    "ai_ml": {
        "mu": 0.09520260954174707,
        "sigma": 1.545241542640154,
        "scale": 0.4181820841982703
    },
    "col_sys": {
        "mu": 0.09487033002148881,
        "sigma": 1.524605548633512,
        "scale": 0.44491973501012316
    },
    "com_net": {
        "mu": 0.09735305673826317,
        "sigma": 1.7239329831100585,
        "scale": 0.33314622963374996
    },
    "cont_alg": {
        "mu": 0.09547147781256293,
        "sigma": 1.5284278519175685,
        "scale": 0.4114940895712773
    },
    "cyb_sec": {
        "mu": 0.09579330640792914,
        "sigma": 1.569649884728646,
        "scale": 0.3885951410201422
    },
    "edg_com": {
        "mu": 0.09373725977183765,
        "sigma": 1.6714002359835047,
        "scale": 0.35329014637726563
    },
    "ene_mgm": {
        "mu": 0.10059853843858513,
        "sigma": 1.4562670133904239,
        "scale": 0.44796182849304284
    },
    "eth_reg": {
        "mu": 0.09631855995151785,
        "sigma": 1.4067496411128897,
        "scale": 0.4823682175224853
    },
    "hum_man": {
        "mu": 0.1066845921425644,
        "sigma": 1.602739393283691,
        "scale": 0.41729951549174377
    },
    "loc_map": {
        "mu": 0.09303465635905997,
        "sigma": 1.5724129089433712,
        "scale": 0.37039254456973497
    },
    "sen_fus": {
        "mu": 0.10464246629670411,
        "sigma": 1.5545611153405736,
        "scale": 0.40888330188785693
    },
    "sen_tec": {
        "mu": 0.10096095994817296,
        "sigma": 1.6071441199637753,
        "scale": 0.3939026796311761
    },
    "sim_mod": {
        "mu": 0.0957616295137878,
        "sigma": 1.5499917409867257,
        "scale": 0.4040235870733546
    },
    "tec_mob": {
        "mu": 0.09499516890469309,
        "sigma": 1.5814933294997222,
        "scale": 0.3944078813859912
    }
}