{
    "sen_tec": {
        "mu": 0.036508057974210265,
        "sigma": 1.759646147516468
    },
    "col_sys": {
        "mu": 0.03083220293889538,
        "sigma": 1.6433457992678406
    },
    "tec_mob": {
        "mu": 0.03072234800306297,
        "sigma": 1.6505146523063874
    },
    "cont_alg": {
        "mu": 0.03713869508810524,
        "sigma": 1.7202682953694894
    },
    "loc_map": {
        "mu": 0.017309581203878405,
        "sigma": 1.5625692041591335
    },
    "sen_fus": {
        "mu": 0.029984160671079396,
        "sigma": 1.6947861078435191
    },
    "ai_ml": {
        "mu": 0.01980959147738733,
        "sigma": 1.5478491590605128
    },
    "edg_com": {
        "mu": 0.0016802180733292427,
        "sigma": 1.4821192968671864
    },
    "com_net": {
        "mu": 0.01155979923585898,
        "sigma": 1.4921182579295824
    },
    "ene_mgm": {
        "mu": 0.017400150726867743,
        "sigma": 1.5396495746623593
    },
    "sim_mod": {
        "mu": 0.04011162320511941,
        "sigma": 1.7411685159369044
    },
    "hum_man": {
        "mu": 0.032303353442975635,
        "sigma": 1.608676651949756
    },
    "cyb_sec": {
        "mu": 0.037615798000437684,
        "sigma": 1.6925803472227967
    },
    "eth_reg": {
        "mu": 0.016017048669730072,
        "sigma": 1.4480544607939922
    }
}