{
    "sen_tec": {
        "mu": -1.0297326801999347,
        "sigma": 1.3404911613435304
    },
    "col_sys": {
        "mu": -0.9461036176882596,
        "sigma": 1.332201592813137
    },
    "tec_mob": {
        "mu": -1.0397400316131877,
        "sigma": 1.3460722188956384
    },
    "cont_alg": {
        "mu": -1.0427555449812216,
        "sigma": 1.3264669034859584
    },
    "loc_map": {
        "mu": -1.1167581660925023,
        "sigma": 1.3839271510852504
    },
    "sen_fus": {
        "mu": -0.9975095140834809,
        "sigma": 1.353541792479333
    },
    "ai_ml": {
        "mu": -1.0233667262921435,
        "sigma": 1.3687179561646308
    },
    "edg_com": {
        "mu": -1.093105534091878,
        "sigma": 1.4512918210165346
    },
    "com_net": {
        "mu": -1.0993574697305517,
        "sigma": 1.380774568754556
    },
    "ene_mgm": {
        "mu": -1.0105511318701632,
        "sigma": 1.3723071559674564
    },
    "sim_mod": {
        "mu": -0.9376523622485232,
        "sigma": 1.3064015593960823
    },
    "hum_man": {
        "mu": -0.945080484603381,
        "sigma": 1.3234131782497522
    },
    "cyb_sec": {
        "mu": -0.9787694570388833,
        "sigma": 1.3107749554405228
    },
    "eth_reg": {
        "mu": -0.8686002674864691,
        "sigma": 1.3201118773128298
    }
}